name,type,bytes,width,height,duration,screen_order,description,movie_interval,usage,sha256
001.png,.png,2811226,1672,941,,1,城市夜景,002.0–006.0 秒（近似）,成片可辨認分鏡；網站保留原剪輯,720714548f13edafd762fafc096a1876f4be25b9cbd7e498415711310eeec44f
002.png,.png,2284648,1672,941,,2,YiTing 街道全身,006.0–008.0 秒（近似）,成片可辨認分鏡；網站保留原剪輯,b9a2bd8d7e3701e2523d48393fe063fdeab0555cb7078e2976411957da8d35b2
003.png,.png,2038383,1672,941,,3,10:19 手機特寫,,成片無獨立對應鏡頭；保留分鏡參考,09d6b82f4ed247636cd913239b242028b85bcc0e9ea0e76ab9847067b60186e0
004.png,.png,2084751,1672,941,,4,YiTing 臉部特寫,012.0–015.0 秒（近似）,成片可辨認分鏡；網站保留原剪輯,b48bc8598c0cb204c640654e48bba46146bd1a33b6ca381c0ef7d0a08fc8e9f8
005.png,.png,2105728,1672,941,,5,10:20 手機特寫,008.0–012.0 秒（近似）,成片可辨認分鏡；網站保留原剪輯,2c1ba5da8214ce78a16ac227a529c557a487ee4bbf1eac70402a5d4f9163a9e6
006.png,.png,2607544,1672,941,,6,仰望五人巨幕,015.0–019.5 秒（近似）,成片可辨認分鏡；網站保留原剪輯,45dfcdb57df635a57e039b6ecb976c23575e67e1852fa33f4066d1d37da8e7fc
007.png,.png,2925337,1672,941,,7,五人伸手邀請,019.5–020.5 秒（近似）,成片可辨認分鏡；網站保留原剪輯,99bd501451561e078adc751b7db36e6220b9d4cf7dd38548bd23a7107612fb41
008.png,.png,2243056,1672,941,,8,仰望銀虎,029.0–031.0 秒（近似）,成片可辨認分鏡；網站保留原剪輯,965744223fb471d685ae4134bc37c5b676a23718921dd0323b7e1bf9ac582bc0
009.png,.png,2247988,1672,941,,9,銀虎凝視特寫,020.5–025.0 秒（近似）,成片可辨認分鏡；網站保留原剪輯,e3e02c2daf27b0a6370d81f9de8014efd223a0d95d5d0e6204d7c11642faf3d4
010.png,.png,2676423,1672,941,,10,銀虎伸手,025.0–029.0 秒（近似）,成片可辨認分鏡；網站保留原剪輯,ec0056a2f370e7f1f4b0a5618bcc83b77a171408d64ca7216fff4991fa55052a
011.png,.png,2172380,1672,941,,11,YiTing 仰望特寫,031.0–031.5 秒（近似）,成片可辨認分鏡；網站保留原剪輯,286d5f79fcd47e48e9ed3e4a53369f9625cf514887023e625b0b0d52cedfc026
012.png,.png,2611822,1672,941,,12,銀虎與 YiTing 雙人構圖,,成片無獨立對應鏡頭；保留分鏡參考,1f2cf50bfcf423dd2593f2e7ea0f6ef97b7f5a99b85e795af42903ebc30e5836
013.png,.png,2907927,1672,941,,13,星光傳送門,031.5–033.5 秒（近似）,成片可辨認分鏡；網站保留原剪輯,0fda1f8738942ad3529f9ce8c2f95469140cee0b75d9b3ea34dcdd2682406c7e
014.png,.png,2846360,1672,941,,14,走入 ASTERUM,033.5–035.0 秒（近似）,成片可辨認分鏡；網站保留原剪輯,8b74e0337ad0e41ae13ab26a7a08d3b9e5b031199d52adfd7e3b086f622342e0
015.png,.png,2917116,1672,941,,15,星光通道,,成片無獨立對應鏡頭；保留分鏡參考,ffa236d2f4e21b632c08f72a974fb2b655b581c07f1ce1497a849573a478e6fb
016.png,.png,3298690,1672,941,,16,ASTERUM 舞台全景,035.0–038.5 秒（近似）,成片可辨認分鏡；網站保留原剪輯,b23360b3bb414caf181a2afc7f6476e9fdc6f23814a82c7d6876c332c37690cd
017.png,.png,3189137,1672,941,,17,五色舞台光柱,,成片無獨立對應鏡頭；保留分鏡參考,59e3c43b501ca948d3c0f84868c5cd22f2b7a8b979fc43fd8e8c1cd15a1d6e10
018.png,.png,2878030,1672,941,,18,五人迎接 YiTing,038.5–042.5 秒（近似）,成片可辨認分鏡；網站保留原剪輯,2daed6b5db1b52cc45cf6235c97366834c111d0ce958526bf0551ad177f29ba8
019.png,.png,3034719,1671,941,,19,五人生日舞台,,成片無獨立對應鏡頭；保留分鏡參考,58ba53cc70a6b45d919c082cf4b5116a37ae83fefc37cba5963bb04690986c9a
020.png,.png,2353318,1672,941,,20,銀虎與 YiTing 對視,045.5–049.5 秒（近似）,成片可辨認分鏡；網站保留原剪輯,bd44b05e4281484519616119875ed7bd9ba1e8be6b4fcfddd76ca24f0883fc94
021.png,.png,2488299,1672,941,,21,銀虎伸手接近,042.5–045.5 秒（近似）,成片可辨認分鏡；網站保留原剪輯,9f76e4d70b80d6037349168ad6a9401f2a3c8281216df4288a5be96dccdb56b4
022.png,.png,2557762,1672,941,,22,銀虎生日祝福伸手,,成片無獨立對應鏡頭；保留分鏡參考；銀虎生日小卡,30758ad7099c9b7fdd414ead1e6502be03c651180e658df095b1998f81a19a68
023(1).png,.png,2302531,1672,941,,24,YiTing 回應銀虎,049.5–053.5 秒（近似）,成片可辨認分鏡；網站保留原剪輯,89872e18c8e13f6562107c515e9338428631b160e05f9f2377f0a57b0a4af457
023.png,.png,2592061,1672,941,,23,銀虎持麥克風,053.5–057.5 秒（近似）,成片可辨認分鏡；網站保留原剪輯,6c818a00bfe933ee1dc5c182cd427f3f77d01955ab1f90dc360bffc818daa8e0
025.png,.png,2495767,1672,941,,25,銀虎持麥克風近景,,成片無獨立對應鏡頭；保留分鏡參考,4093d063f21dcc9fd7dfc47465974e70c3d522216266f3108a6fcebfd13c98e5
026.png,.png,2669816,1672,941,,26,銀虎摸頭／依靠,,成片無獨立對應鏡頭；保留分鏡參考；生日彩蛋主圖,99605ad791be2f7708bcc9a3413fb32cbe7f454980b77ac5e09ef10d86aa0659
027.png,.png,3177630,1672,941,,27,五人演奏生日舞台,057.5–061.0 秒（近似）,成片可辨認分鏡；網站保留原剪輯,ccbead55ee667c332ff8a11da7e5f3080344ee71d558444f86bd9bdceee29b06
YiTing Birthday MV.mov,.mov,57953896,,,62.228005,,主影片：HEVC + AAC，1620×1080，可變幀率,,主電影，轉 H.264/AAC 1080×720 30fps,352e1802605b434474e3fdd8f0c5097b28d865aae0395bdfbaa9cd9aaf43ee54
YiTing Birthday song .mp4,.mp4,4149699,,,62.100333,,歌曲「너라는 별빛」：1024×1024 H.264 + AAC + mov_text,,原音樂，提取 M4A 與 10 段內嵌歌詞字幕,03f2eeaf1d31588e132cee0a4fee271f3776948827bc976c5deb2fdd471b4ac8
YITING 三視圖A.png,.png,1784482,1452,1083,,,YiTing 三視圖：黑色上衣版本,,角色參考，不插入電影,adf7f6274aa0c83a56d23676dfc490470af686771df5a36157a6baacb4bb4afd
YITING 三視圖B.png,.png,1803156,1451,1084,,,YiTing 三視圖：酒紅上衣與灰色外套版本,,角色參考，不插入電影,9a9e47dcec6ba60b36729f0de9ab60e8cd42f4354e857cde3e48e3e0e539088b
分鏡總圖.png,.png,3950343,1536,1024,,,45 格原始故事總圖，含完整原構想,00:00–00:02,電影 00:00–約00:02；完整腳本參考,9c66933b9740ca426e5a365dc76cdc9da06e7d4c7d9a915c1c24569ed307a05c
額外小卡/0000(1).png,.png,2426019,1672,941,,,藝俊伸手,,生日彩蛋小卡,db80823f844acaf86022a3ed61bfa7ff5d6ff2a67de0db457fd5e2605d701638
額外小卡/0000(2).png,.png,3040764,1672,941,,,五人伸手,,生日彩蛋小卡,bbd1b9f1a8e288890b14e05cc58f16ae7cca2411a163b9cf8ed6fa9a640d06ad
額外小卡/0000(3).png,.png,2320425,1672,941,,,斑比伸手,,生日彩蛋小卡,43e3f4c9ab68ee48e00b17732e1a08d7e910bcf56a1343b713347f148d5c1468
額外小卡/0000(4).png,.png,2557769,1672,941,,,河玟伸手,,生日彩蛋小卡,fce8d548254b69e0a216aa9356e0c593929a2d3ae3bd53686d30ffa1eb0b0c0e
額外小卡/0000(5).png,.png,2431008,1672,941,,,諾亞伸手,,生日彩蛋小卡,98dce39bfbb7f913d411148c8727ebd295202a6b5e571745f2814c525fe56b41
額外小卡/0000.png,.png,2511658,1672,941,,,藝俊舞台演唱,,生日彩蛋小卡,c24a32f8200c9359400680bdfd076c87bf069ffa111c75de6d75800eff5691fa
